file,lang,original_word_count,desired_word_count,word_count,summarisation
en_example_01.pdf,en,15555,250,237,"Charles Edward, Duke of Saxe-Coburg and Gotha, was a prominent historical figure born on July 19, 1884, in Claremont, Surrey, as the son of Prince Leopold and Princess Helen. He became the last ruling duke from July 30, 1900, until the monarchy's abolition on November 14, 1918. His close ties with British royalty, including Queen Victoria, highlighted his upbringing as a British prince, which continued to shape his identity despite his transition to a German duke at age 15. Throughout the 1920s and 1930s, Charles Edward became involved with far-right paramilitary groups, and by the 1930s, he officially joined the Nazi Party, later becoming an important figure in the regime. He served as head of the German Red Cross, where he promoted eugenicist ideas despite being a significant supporter of a regime responsible for mass atrocities, particularly against disabled individuals. After World War I, he faced public backlash in Germany due to his ties to Britain and was eventually deposed. In the aftermath of World War II, he was interned by American authorities for his activities during the Nazi regime but was found to be of lesser guilt in the denazification trials. His life was characterized by a continual struggle with his dual identity as both an English prince and a German duke. He died on March 6, 1954, with his legacy intertwined in controversy and historical significance regarding his participation in Nazi politics and humanitarian efforts."
en_example_01.pdf,en,15555,500,458,"Charles Edward, Duke of Saxe-Coburg and Gotha (1884-1954), was a complex figure in 20th-century socio-political history, born into British royalty as the son of Prince Leopold, Duke of Albany and Princess Helena of Waldeck and Pyrmont. His lineage made him a grandson of Queen Victoria and Prince Albert, but his life took a dramatic turn when he was chosen to succeed to the duke of Saxe-Coburg and Gotha in Germany at just 15 years old after a series of familial and political considerations following his uncle's death. Educated in Germany under the auspices of Kaiser Wilhelm II and raised with expectations to symbolize German loyalty, Charles Edward struggled with his identity, marked by a longing for his British heritage despite his position in Germany.

His reign from 1900 to 1918 was characterized by political instability and the impact of World War I, during which he aligned himself with the German Empire, a decision that alienated him from British titles and support. His personal life saw him married to Princess Victoria Adelaide of Schleswig-Holstein, fathering five children, with family dynamics often described as strained and characterized by strict military discipline. He faced backlash during the German Revolution that ended the monarchy, leading to his abdication, though he retained some local prestige in Coburg.

The interwar years saw Charles Edward's shift towards far-right ideologies, as he became involved in paramilitary groups and ultimately the Nazi Party. His actions included financial support for Hitler's regime and public advocacy for eugenics, which mirrored the discriminatory policies that fostered widespread atrocities against marginalized groups, particularly the disabled. He served as a high-ranking official in the Nazi regime, including as President of the German Red Cross, promoting humanitarianism while turning a blind eye to the organization’s complicity in the Holocaust.

Throughout World War II, Charles Edward continued to engage in public relations efforts for Nazi Germany. His involvement with the regime was marked by increasingly fervent support, positioning him as a liaison between the Nazi government and various international entities, including attempts to win favor among the British aristocracy, demonstrating the deep-rooted tensions of his dual royal heritage.

After the war, he faced denazification proceedings, stemming from his significant role in supporting the regime, and lived out his final years in a government-allocated residence, coping with reduced status and wealth after losing much of his property. He died in 1954, leaving a controversial legacy that has been contested by historians, with debates surrounding his motivations and the extent of his complicity in Nazi atrocities. Charles Edward's life embodies the intricate interplay of royal identity, national loyalty, and personal ideology during a tumultuous historical period, reflecting a man caught between worlds, ideologies, and multiple legacies defined by both his royal lineage and his tragic affiliations."
en_example_01.pdf,en,15555,1000,739,"Charles Edward, the Duke of Saxe-Coburg and Gotha, who lived from 1884 to 1954, was a notably complex and highly multifaceted historical figure whose life oscillated dramatically and significantly between British royalty and German nobility, as well as his significant and controversial involvement in Nazi politics. Born in England to Prince Leopold, Duke of Albany, and Princess Helena of Waldeck and Pyrmont, Charles Edward’s extensive lineage included several significant and prestigious ties to Queen Victoria, thereby firmly establishing him as a British royal by birthright. Upon the untimely and tragic death of his uncle in the year 1900, he ascended to the ducal throne of Saxe-Coburg and Gotha, but was initially relegated to a mere symbolic figurehead under a regency until he matured healthily into his governing role at the relatively mature age of 21. Despite marrying the extraordinarily beautiful and charming Princess Victoria Adelaide, the duchy he ruled faced considerable discontent, largely due to his perception as an outsider; moreover, his steadfast attachment to British ties greatly distressed the local German populace, who were eagerly seeking a leader they could entirely identify with amidst the profound socio-political upheavals and challenges of the era. During the tumultuous and chaotic years of World War I, he ardently and passionately supported the German Empire against Britain, a choice that consequently incurred substantial political, social, and personal repercussions that would forever shape his legacy. This highly controversial decision ultimately resulted in the profound and irrevocable loss of his esteemed British titles after being deposed during the German Revolution in the year 1918, an event that significantly altered the trajectory of his life as well as his standing within both British and German societies in a dramatic and decisive manner. In the politically charged 1920s, a time marked by significant political shifts, upheaval, and rising extremism throughout Europe, Charles Edward gradually gravitated towards far-right ideologies and, over time, eventually became increasingly sympathetic to the burgeoning Nazi Party, officially joining their ranks and backing their aims in 1933. His actions during this particularly pivotal and unsettling period included, quite notably, funding various controversial paramilitary groups, as well as endorsing increasingly disturbing eugenics programs, ideologies that would later underpin the regime's horrific policies, including the shocking violence and brutal persecution directed toward disabled individuals and other marginalized groups, along with the widespread human rights violations that characterized the era. Despite these alarming and distressing affiliations, the extent of his political influence during the Nazi regime remains a subject of heated debate and persistent concern among historians; however, many of his statements suggested a surprisingly growing alignment with their nationalist and militaristic philosophies, which were highly apparent in the divisive and often inflammatory rhetoric of the time. After the dramatic conclusion of World War II and the unsettling fall of the Third Reich, Charles Edward faced extensive and rigorous denazification proceedings, being categorized somewhat ambiguously as 'lesser guilty', yet bearing significant and undeniable liability due to his earlier affiliations with the Nazi regime’s divisive agenda and his failure to effectively distance himself from those troubling ideologies that haunted his legacy. His health notably declined in the ensuing years following the war, a decline exacerbated by the loss of significant family properties due to harsh and punitive war reparations, as well as the sweeping and monumental shifts in government policy that followed in the aftermath of the conflict. Charles Edward spent his later years in relative poverty, grappling with the deep implications of his controversial past actions while managing to reconnect with distant royal relations, notably witnessing the remarkable ascension of his grandson to the Swedish throne, a moment that must have brought him a degree of solace amidst the turbulence and chaos of his tumultuous life. His complex life and multifaceted legacy paint a deeply intricate portrait of a royal figure who was entwined with the widespread tumult and disturbances of 20th-century Europe, a character filled with deep contradictions, torn tragically between loyalty to his family, national ideologies, and deeply personal convictions that intricately shaped his journey through the tumultuous annals of history. Ultimately, Charles Edward’s life story serves as a compelling and profound reminder of the complexities that ensue when individuals of noble background engage with the ever-shifting political tides of their time, shaping not only their own destinies but also the societies around them in profound and often unpredictable ways that continue to reverberate through history and influence contemporary discussions about legacy and accountability."
en_example_02.txt,en,1017,150,142,"Effective time management is crucial for achieving success, as evidenced by a Tech Jury report noting that only 17% of people track their time despite various tools available. Poor time management leads to procrastination, chronic lateness, and overwhelming stress, which can cause serious mental health issues like anxiety and depression. Conversely, good time managers enjoy high productivity, low stress levels, and a positive reputation, making them desirable employees in any organization. Key strategies for improving time management include setting achievable goals, prioritizing tasks, establishing clear deadlines, and incorporating regular breaks. Using tools like Todoist or paper calendars aids in organization and reminders. Additionally, planning ahead and delegating tasks can help alleviate workload pressure. Ultimately, effective time management allows individuals to maximize their potential and investment in time, fostering greater confidence and meaningful professional growth while avoiding the pitfalls of disorganization and stress."
en_example_02.txt,en,1017,200,186,"Time management is a crucial skill that significantly influences productivity and well-being, yet a mere 17% of individuals actively track their time, while half have never considered time waste, often facing repercussions like chronic lateness and burnout. Successful time managers are recognized for their efficiency and stress management, in contrast to those who procrastinate and sacrifice task quality for deadlines. The consequences of poor time management manifest in anxiety, sleep disorders, and overall life dissatisfaction. Effective time management offers several benefits: enhanced productivity, reduced workplace stress, a positive professional reputation, and increased chances of success. To improve time management skills, individuals are encouraged to set achievable goals, prioritize tasks, establish deadlines, take regular breaks, and utilize tools such as notebooks or apps like Todoist for organization. Planning in advance is also vital, reducing morning confusion and ensuring readiness. Sharing responsibilities can further aid in managing workload effectively. Ultimately, mastering time management empowers individuals to navigate daily responsibilities confidently, cultivating a productive, energetic lifestyle that organizations seek in their teams, affirming that good time management transforms time into a valuable investment in one's personal and professional life."
en_example_03.txt,en,731,100,94,"Israeli Prime Minister Netanyahu announced that Israel is engaged in a multi-front conflict with Iran and its proxies, as tensions escalate following recent military strikes and retaliatory threats. The U.S. and allies are preparing for potential counterstrikes to protect Israel from further escalation. Iran and its allies have condemned Israel's actions, especially after recent strikes in Gaza, which resulted in significant civilian casualties. Meanwhile, bombardments continue with deadly consequences, prompting calls for evacuations in Gaza and increased military readiness in Israel. Diplomatic efforts are underway, including Jordan's foreign minister visiting Iran to mitigate tensions."
en_example_03.txt,en,731,150,141,"Israeli Prime Minister Benjamin Netanyahu has declared that Israel is currently engaged in a multi-front war with Iran and its proxies, with escalating tensions following 10 months of conflict in Gaza. The US and allies are preparing to support Israel against potential counterstrikes. Jordan's foreign minister recently visited Iran, emphasizing the need to de-escalate the situation. On the ground, violence continues, including a stabbing attack near Tel Aviv that resulted in two deaths. In Gaza, Israeli airstrikes have killed numerous civilians amid claims of targeting Hamas command centers, exacerbating the humanitarian crisis, which has displaced millions. The conflict, ignited by Hamas's assault on October 7, has resulted in extensive casualties, with over 39,580 Palestinian deaths reported. Additionally, tensions along the Lebanese border persist, with ongoing exchanges of fire between Hezbollah and Israel, leading to increased calls for international citizens to evacuate. "
en_example_04.txt,en,5304,250,233,"The text explores the profound interconnectedness between humans and nature through the lens of ecological thinking and transformative learning. It argues that nature is not merely a resource for economic gain but a vital moral force that shapes cultures, ethics, and human experiences. Chief Seattle's letter, emphasizing the sacredness of the land, highlights the spiritual dimensions often overlooked in contemporary society. The paper critiques existing environmental education approaches and advocates for transformative learning theories that encourage individuals to reassess their relationships with the Earth, promoting eco-consciousness. It posits that traditional ecological knowledge (TEK) is essential for fostering an understanding of diverse environments and nurturing a culture of respect for nature. The discussion includes the importance of feminist perspectives in environmental advocacy, asserting that women's roles in nurturing and connecting with nature need recognition to combat ecological degradation effectively. Additionally, the necessity for collaborative learning environments in schools is emphasized, enabling diverse perspectives in ecological education. By integrating various ecological components—including cultural diversity, social justice, and pro-environmental attitudes—into adult education, the text asserts that a transformation in thinking about nature is essential for sustainable environmental practices. The concept of radical interconnectedness is proposed as key in recognizing humans' dilemmas and collective responsibilities toward the Earth. Ultimately, the text argues that genuine transformation in environmental education can lead to a deeper commitment to ecological stewardship, integrating traditional knowledge and communal efforts in conserving the planet."
en_example_04.txt,en,5304,500,520,"The text explores the profound relationship between humans and nature, emphasizing the need for ecological thinking and transformative learning in addressing environmental challenges. It begins by acknowledging nature's integral role in human culture and morality, as illustrated by Chief Seattle's poignant response to the U.S. government's land acquisition offers, highlighting the sacredness of the land for Native peoples. The author reviews transformative learning theories, asking how they can facilitate knowledge acquisition in the face of ongoing ecological degradation. A key theme is the tension between utilitarian interests and a deeper understanding of our cosmological context, arguing for a broader perspective that recognizes our connection to the universe and the responsibilities it entails. This understanding can revitalize our approach to environmental sustainability and encourage the integration of ecological themes in education.

The paper argues that traditional ecological knowledge (TEK) carries significant transformative potential, as it encompasses the wisdom of various cultures in understanding human-nature relationships. Despite awareness of ecological importance, current conservation efforts fall short, often due to individualistic approaches and the neglect of women's roles in environmental movements. Eco-feminism is presented as a necessary perspective, emphasizing women's connections to nature and their potential leadership in environmental protection initiatives. 

Efforts toward ecological literacy in education call for collaborative learning communities in schools, integrating diverse perspectives to foster environmental awareness among students. The author cites significant figures like David Selby, advocating for education that aligns with living systems in nature, moving beyond mere academic achievements. This shift can cultivate a transformative ethos, reframing humans' roles from exploiters to stewards of nature.

Key to this transformative learning process is the recognition of radical interconnectedness between all elements of the universe. Adopting this mindset can initiate a disorienting dilemma—a crucial step in transformative learning—leading individuals to rethink their environmental responsibilities and their relationship with nature. Emphasizing the importance of cultural diversity in TEK, the text warns against ignoring non-Western knowledge that could guide transformative efforts. It reinforces how understanding one's cultural ties to the environment can renew appreciation for ecological values in times of crisis.

The narrative culminates in a reflection on the broader implications of ecological education for adult learning, urging educators to address the interdependence between socio-economic practices and environmental well-being. Current educational frameworks are critiqued for their focus on K-12 systems without engaging adults—who significantly impact environmental degradation. Without transformative education targeting adults, there is a risk that environmental concerns will remain superficial and unaddressed. The call for sustainable education emerges as a bridge toward a deeper comprehension of ecological issues, crucial for fostering responsible citizenship and stewardship.

In summary, the exploration of ecological thinking and transformative learning highlights the need for a cultural shift in understanding human relationships with nature—characterized by interconnectedness, the integration of diverse knowledge systems, and an urgent call for comprehensive educational reform. Such transformations are vital not only for personal enlightenment but also for broader societal shifts towards sustainable ecological practices that honor the earth and its resources. Reflective learning serves as a cornerstone for these transformational processes, ultimately embodying the intertwining of education and personal growth necessary for addressing the environmental challenges we face today."
en_example_04.txt,en,5304,750,677,"The paper thoroughly explores the intricate and complex relationship between nature and humans through the insightful lens of transformative learning, aiming to foster a deeper ecological understanding that truly transcends traditional materialism. It emphasizes nature as a multifaceted cultural and moral source rather than as just a mere economic resource, as powerfully highlighted by Chief Seattle's historic and poignant letter to President Washington, which underscores the profound sacredness of land to Indigenous peoples. The discourse centers thoughtfully on two primary questions regarding transformative learning's crucial role in addressing both ongoing current and future ecological challenges and in evaluating the effectiveness of various global environmental educators in overcoming reductionist approaches that frequently hinder meaningful progress. Transformative learning is thoughtfully framed within an expansive and reflective cosmological context, where an expanded awareness of our significant place in the vast universe is essential for nurturing and sustaining a healthy environment. This important and vital recognition leads to a well-reasoned critique of the superficial priorities that currently dominate human pursuits, ultimately disrupting a meaningful and lasting connection with the Earth itself. The insistence on profit above all else has indiscriminately resulted in significant, concerning ecological degradation and an alienated worldview that many people experience today. This critical viewpoint posits that material accumulation does not yield any genuine improvement in overall life quality, a sentiment echoed in a multitude of sociological observations about the glaring lack of moral grounding in contemporary living. The paper comprehensively discusses how traditional ecological knowledge (TEK) remains absolutely critical in understanding intricate human-nature relationships, while also guiding transformative learning processes effectively. TEK not only fosters an appreciation for cultural diversity, yet it is unfortunately often overlooked in numerous educational paradigms, which is quite unfortunate. Acknowledging the essential interconnectedness of diverse cultures with their environments reveals the immense potential for meaningful learning that respects and incorporates these diverse forms of ecological wisdom, which must not be ignored. In addressing environmental conservation in a focused manner, the paper highlights the persistent failure of regulatory measures and the necessitated collective responsibility for sound ecological stewardship. It thoughtfully argues for a careful reconfiguration of political systems and educational structures to inclusively advocate for genuine environmental sustainability, particularly emphasizing the powerful role of ecofeminism. Women's perspectives and experiences are unquestionably critical in this important discourse, as they inherently connect to nature through cultural and familial ties, positioning them as vital agents in environmental protection and proactive advocacy. The arguments expand to education reform, advocating for the complete transformation of schools into collaborative learning entities that genuinely reflect ecological values and deep empathy towards the natural world around us. This substantial shift envisions education as a dynamic process that goes beyond rote learning, fostering critical thinking, creativity, and strong relationship-building skills among students, which align harmoniously with Mezirow's transformative learning theory. It articulates the unwavering importance of integrating ecological themes extensively across school curricula to effectively affect meaningful generational shifts in attitudes towards sustainability and conservation practices. The narrative culminates in the powerful assertion that a deeper and more profound transformation of adult perspectives regarding the environment is absolutely paramount. The authors assert that adults, who are often the primary agents of ecological destruction, must also be the champions of important ecological restoration efforts through sustained education on interconnectedness with nature and the necessary steps to rectify past harms. They propose that traditional ecological knowledge should be recognized and integrated into formal education, particularly in adult learning contexts, for its profound impact on shaping sustainable practices and advocating for healthier lifestyles. In conclusion, the paper crystallizes the essence of transformative learning as a vital pathway to ecological awareness and significant action, urgently urging educators, policymakers, and society at large to embrace a holistic view of human-nature relations that actively nurtures a regenerative future. The ultimate goal is to create a vibrant social fabric that recognizes and respects the intrinsic value of ecological systems, thereby promoting genuine environmental responsibility rooted in diversified learning and cultural respect, which are absolutely essential for both current and future generations in meaningfully confronting pressing and serious environmental crises."
cz_example_01.pdf,cz,12702,250,237,"Edin Džeko, narozený 17. března 1986 v Sarajevu, je významný a uznávaný bosenský fotbalový útočník, který aktuálně hraje za prestižní turecký klub Fenerbahçe. Během své dlouhé a úspěšné kariéry se stal jedním z nejlepších světových útočníků a je v širokém povědomí považován za jednu z největších postav bosenského fotbalu v moderní době. Džeko začal svou profesionální kariéru v klubu Željezničar Sarajevo, odkud poté hladce přešel do FK Teplice v České republice, kde se jako talentovaný útočník výrazně prosadil a stal se druhým nejlepším střelcem ligy. Poté přestoupil do německého Wolfsburgu, kde významně pomohl týmu získat první mistrovský titul v historii klubu. Po úspěšné éře ve Wolfsburgu následoval prestižní přestup do Manchesteru City, kde vyhrál dvě anglické Premier League a FA Cup, což značně přispělo k jeho renomé a zasloužené popularitě. Dále ještě hrál za AS Řím, kde se stal nejlepším střelcem klubu, a Inter Milán, s nímž vyhrál italský pohár a superpohár, což podtrhlo jeho talent a schopnosti na fotbalovém hřišti. Džeko je také historicky nejlepším střelcem bosenské reprezentace a prvním hráčem, který za ni odehrál více než 100 zápasů. Poznal úspěchy na Mistrovství světa a v evropských kvalifikacích, kde byl klíčovým hráčem a oporou pro tým. Mimo fotbal se Džeko aktivně věnuje charitě a mezi jeho osobní úspěchy patří také sledování své milující rodiny a dosažení vysokého vzdělání v oblasti sportovního managementu, což demonstruje jeho odhodlání dál rozvíjet své znalosti a dovednosti v tomto dynamickém oboru."
cz_example_01.pdf,cz,12702,500,471,"Edin Džeko, narozen 17. března 1986 v malebném a historickém Sarajevu, je talentovaný, velmi známý a uznávaný bosenský fotbalový útočník, který aktuálně hraje za prestižní turecký klub Fenerbahçe, který je jedním z nejuznávanějších a nejúspěšnějších fotbalových týmů v zemi. S působivou výškou 193 cm a přezdívkou 'Bosanski dijamant' se Džeko stal jedním z nejlepších a nejvíce respektovaných útočníků na celém fotbalovém světě. Proslavil se svými vynikajícími a nezapomenutelnými výkony, což mu přineslo širokou popularitu a obdiv mezi fotbalovými fanoušky po celém světě. Džeko zahájil svou profesionální kariéru v klubu Željezničar Sarajevo, odkud po úspěšné a zajímavé české etapě v klubech FK Teplice a Ústí nad Labem zamířil do německého Wolfsburgu, se kterým v roce 2009 vyhrál prestižní německou Bundesligu. Po tomto úspěšném a nezapomenutelném období, které udělalo velký dojem na fanoušky i odborníky, následovalo angažmá v Manchesteru City, kde se Džeko podílel na získání několika cenných a významných titulů v Premier League, včetně dramatického a nezapomenutelného vítězství v roce 2012. Tímto úspěchem se stal prvním bosenským hráčem, který vyhrál anglickou ligu, což z něj činilo významnou a ikonickou historickou postavu v historii tohoto sportu. Džeko pak přestoupil do AS Řím a během svého působení v tomto klubu se stal nejlepším střelcem klubu v sezoně 2016/17, přičemž svým skvělým gólem a výjimečným výkonem významně přispěl k nejlepšímu výsledku v Lize mistrů za více než 30 let, což bylo skutečně ohromující a uspokojivé nejen pro něj, ale také pro jeho fanoušky. Od roku 2021 hraje za Inter Milán a v červnu 2023 přestoupil do Fenerbahče, což bylo pro něj novou a vzrušující kapitolou v jeho dosavadní kariéře. Džeko je také kapitánem bosenské reprezentace, kde se stal historicky nejlepším střelcem a prvním hráčem s více než 100 starty, což je nesmírně důležitý a prestižní milník v jeho kariéře, který zdůrazňuje jeho neocenitelnou hodnotu pro národní tým. Je trojnásobným držitelem prestižní ceny 'Idol Nacije', která odpovídá ocenění Fotbalisty roku v Bosně a Hercegovině, což svědčí o jeho výjimečném talentu a neustálé popularitě mezi jeho fanoušky napříč celou zemí. Kromě své fotbalové kariéry je Džeko široce známý také svou charitativní činností, přičemž se stal prvním bosenským vyslancem UNICEF, což znamená, že se aktivně zapojuje do pomoci potřebným dětem po celém světě. Jeho rodina ho v jeho kariéře vždy plně podporovala a motivovala ve všech aspektech. Vedle sportovní dráhy je Džeko také vzdělaný a velmi inteligentní jedinec, mluví plynně několika jazyky, což mu umožňuje efektivně a bez problémů komunikovat s širokým spektrem lidí na mezinárodní scéně. Jeho téměř dvacetiletá kariéra, bohatá na významné a nezapomenutelné úspěchy, je skvělým dokladem jeho talentu, houževnatosti a odhodlání, což mu vyneslo postavení jedné z nejvýznamějších postav bosenského fotbalu. Jeho příběh také slouží jako inspirující příklad, jak je možné překonávat překážky prostřednictvím tvrdé a souvislé práce a oddanosti, což je inspirující a motivující pro mnoho jeho fanoušků a obdivovatelů po celém světě."
cz_example_01.pdf,cz,12702,1000,682,"Edin Džeko, narozený dne 17. března roku 1986 v Sarajevu, je známý a široce uznávaný bosenský profesionální fotbalista, který v současnosti hraje jako útočník za turecký klub Fenerbahçe. V tomto předním klubu se snaží efektivně přispět k úspěchům svého týmu v náročné soutěži, a přitom neustále ukazuje své vynikající dovednosti, zatímco současně vynikají i jeho cenné zkušenosti, což ho činí nesmírně důležitým a klíčovým hráčem svého týmu. Džeko začínal svou profesní kariéru právě v klubu Željezničar Sarajevo, odkud se díky své neúnavné tvrdé práci, nesmírnému odhodlání a vytrvalosti dostal přes české kluby Teplice a Ústí nad Labem, které mu poskytly dodatečné cenné herní zkušenosti a pomohly mu utvářet jeho budoucí výkony, a to až do bundesligového Wolfsburgu. Tam se Džeko stal velice významným a klíčovým hráčem, a dokonce si vysloužil pozici historicky nejlepším střelcem klubu. Na tomto prestižním místě prokázal excelentní talent a nezaměnitelné schopnosti na hřišti jako nikdo jiný, což přitahovalo pozornost mnoha skautů a renomovaných fotbalových odborníků z celého světa. S týmem Wolfsburg vyhrál v sezóně 2008/09 prestižní bundesligový titul, a tím se zařadil mezi jedny z nejlepších hráčů ve své pozici, což je pro něj jako fotbalistu obrovským a významným úspěchem. Tato trofej podtrhuje jeho výjimečné dovednosti jako útočníka a rovněž jasně vypovídá o jeho přínosu pro tým a jeho výkony. V roce 2011 přestoupil do slavného anglického fotbalového klubu Manchester City, kde velmi významně přispěl k zisku Premier League a vyhrál také prestižní FA Cup a Community Shield; tato vítězství byla pro něj nesmírně cenná a pro jeho kariéru rozhodující momenty, které ho posunuly dále na vrcholu britského fotbalu. Po pěti nesmírně úspěšných letech se Džeko rozhodl přestěhovat do AS Řím, kde se rychle stal nejoblíbenějším a nejlepším střelcem týmu, a jeho úspěchy, výkony a dosáhnuté cíle pomohly klubu dostat se až do semifinále Ligy mistrů UEFA, což je považováno za velký úspěch pro každého fotbalistu a hráče, jehož snaha, ambice a zápal přispívají značně k celkovému vývoji týmu. Později hrával také za Inter Milán, se kterým získal italský pohár a superpohár, čímž ještě více potvrdil své kvalitní schopnosti na evropské fotbalové scéně a ukázal, že patří mezi skutečnou špičku svých vrstevníků. Džeko je mimo jiné rovněž kapitánem bosenské reprezentační fotbalové reprezentace a legendárním historicky nejlepším střelcem v její dlouhé historii; toto jasně svědčí o jeho ohromném významu pro národní tým a jeho osvědčené vůdčí schopnosti, které byly pro tým velice cenné v mnoha důležitých okamžicích. Je známý pro svou fyzickou sílu, výbornou obratnost, mimořádnou schopnost střílet góly hlavou a přesnou kopací techniku, což ho činí neocenitelným hráčem na hřišti, a zejména ve složitých herních situacích, kdy dokáže svému týmu významně pomoci. Džeko je vysoce ceněn nejen pro své výkony na hřišti, ale také pro svou obrovskou podporu různých charitativních a humanitárních iniciativ, včetně významné spolupráce s UNICEF, což odhaluje jeho velké srdce a ochotu pomáhat potřebným lidem a dětem v těžkých životních situacích. Mluví plynně v několika světových jazycích, včetně bosenského, českého, německého, anglického a italského, čímž zdemonstroval jak svou zvýšenou inteligenci, tak také svůj mezinárodní přehled a schopnost efektivně komunikace s různými národy a kulturami, což jej činí velmi zajímavým a atraktivním pro fanoušky po celém světě, kteří sledovali jeho kariéru s velkým nadšením. Kromě své sportovní úspěšné kariéry je také aktivní v rodinném životě; je šťastně ženatý a má tři krásné děti, které mu přinášejí velkou radost a štěstí do jeho života, a snaží se být pro ně dobrým vzorem a příkladem, čímž prokazuje svoji hlubokou oddanost rodině. Vzhledem k jeho nepopiratelným úspěchům, talentu a oddanosti fotbalu je Edin Džeko jedním z nejrespektovanějších a nejuznávanějších hráčů současného fotbalu, a jeho pozoruhodná kariéra nadále inspiruje mnohé jeho fanoušky po celém světě, kteří jsou zvědaví a sledují jeho každý krok na hřišti s velkým zájmem, nadšením a fascinací. Jeho hra je plná vášnivosti a emocí, které přenáší na každý zápas s neobyčejnou silou, a přitahuje pozornost nejen jeho soupeřů, ale i mnoha odborníků, kteří oceňují jeho technické dovednosti a strategické myšlení v průběhu zápasů, což z něj činí skutečnou osobnost současného sportu, která měla a stále má na hráče a fotbal jako takový obrovský a trvalý vliv."
cz_example_02.pdf,cz,3402,250,233,"Mysterium Cosmographicum, první teologicko-astronomický spis Johanna Keplera, byl poprvé publikován v roce 1596 v Tübingenu. Cílem tohoto významného a důležitého díla bylo zásadní odhalení božských a univerzálních principů vesmíru prostřednictvím geometrického archetypálního modelu sluneční soustavy. Kepler se inspiroval heliocentrickou teorií Mikuláše Koperníka a položil si důležité otázky týkající se uspořádání a velikosti planetárních sfér v rámci našeho solárního systému. Toto fascinující dílo se také podrobně věnuje i pohybům planet a jejich přesným a důležitým vzdálenostem od Slunce. Keplerova hypotéza o vzájemných proporcích planet a také pravidelných geometrických útvarech, jako jsou platónská tělesa, se však později ukázala jako chybná a neplatná, i když jeho snaha podpořila heliocentrismus a zásadně změnila pohled na vesmír. Mysterium Cosmographicum je považováno za klíčové pro moderní astronomii, protože zformulovalo Keplerovy první inovativní způsoby výpočtu vzdáleností planet, avšak některé teze zůstaly neobjasněné a nevysvětlené. Problémy jako výstřednost drah planet nebo složitý vztah mezi vzdáleností a periodou oběhu zůstanou v jeho díle otevřené. Kepler závisel na radách svého učitele Michaela Mästlina a z obavy z obvinění z hereze zůstával opatrný, pečlivý a zdrženlivý v obhajobě heliocentrismu. Mysterium se stalo významným mostem mezi náboženstvím a vědou, obsahuje také důležité gnozeologické prvky a objasňuje Keplerovo myšlení o vesmíru jako geometrickém obrazu Boha. Vydání tohoto cenného díla mu přineslo uznání v akademických kruzích a prestižní postavení ve vědeckém světě, čímž zanechalo trvalý a zásadní vliv na astronomii a na mnoho dalších fascinujících oblastí vědy."
cz_example_02.pdf,cz,3402,400,365,"Mysterium Cosmographicum, publikované v roce 1596, je převratné a zásadní teologicko-astronomické dílo německého astronoma a váženého teologa Johanna Keplera. V tomto významném spisu se Kepler snažil odhalit božské principy, které řídí uspořádání celého vesmíru, a zároveň představuje první systematické zpracování heliocentrické teorie, jak ji formuloval významný vědec Mikuláš Koperník. Kepler vycházel z platónských idejí a navrhl model sluneční soustavy, který byl založen na vzájemných proporcích pěti pravidelných a geometrických platónských těles, která se pokusil umístit mezi orbity šesti známých a pečlivě zkoumaných planet — i když tento model se později ukázal jako nevhodný a chybný. Kepler se také věnoval důkladně a vůbec poprvé pohybům planet, jejich vzdálenostem od Slunce a diskutoval o různých aspektech planetárních oběžných drah, čímž významně přispěl k rozvoji a prohlubování astronomických poznatků. 

Celé dílo se skládá z 22 kapitol, které jsou pečlivě psány v latině a zároveň zrcadlí autorovu snahu obhájit heliocentrický pohled na svět bez jakéhokoli konfliktu s tehdejšími náboženskými dogmaty. Kniha se také vyznačuje osobním, introspektivním a hluboce zamyšleným tónem, kdy Kepler otevřeně hovoří o svých neúspěších a slepých uličkách ve svém dlouhém a obtížném výzkumu. Důležitá je jeho filozofická koncepce, podle které vesmír představuje dokonalý a harmonický geometrický obraz Boha, přičemž jednotlivé božské aspekty personifikuje jako Slunce, hvězdy a nevšední meziplanetární prostor. 

Kepler při psaní Mysteria pečlivě konzultoval i různé důležité aspekty s kolegou Michaelem Mästlinem, a jeho průkopnická práce si postupně získala zasloužené uznání ve vzdělaneckých a vědeckých kruzích, což vedlo k jeho postavení jako významného a vlivného vědce na poli astronomie. I když byl Keplerův model zkreslený a vyžadoval důkladnou revizi, Mysterium Cosmographicum se stalo klíčovým a inspirativním textem, který posunul astronomii směrem k modernímu chápání vesmíru a položil základy pro pozdější Keplerovy zákony planetárního pohybu. Po vydání této revoluční a přelomové knihy se Kepler těšil širokému ohlasu u známých a tehdy uznávaných astronomů a jeho práce byla zásadní pro rozvoj moderní astronomie i filozofie.

Toto významné a historické dílo je často považováno za most mezi náboženstvím a vědou, ukazující, jak se Kepler snažil synergicky spojit teologické a astronomické myšlení. Význam Mysterium Cosmographicum byl v podstatě v tom, že z něho vzešly nové přístupy v astronomii a inspirovalo to pozdější významné vědecké myšlení o složitém vesmíru."
cz_example_03.txt,cz,405,100,102,"Článek podrobně analyzuje postoje ruských opozičních vůdců, kteří se po svém propuštění vyjádřili kriticky a skepticky o Západu a naléhali na oslabení sankcí proti Rusku, přičemž důrazně zdůrazňovali, že Putin a Rusko rozhodně nejsou totéž. Podle Ilji Jašina existuje silná touha vrátit se zpět do Ruska, i přes obavy o osobní bezpečnost. Andrej Pivovarov kategoricky odmítl jakoukoli pomoc Ukrajinské armádě, zatímco diskuze o podpoře ruského lidu, který je údajně většinově proti Putinovi, se zdála paradoxní a matoucí. Autor porovnává tuto současnou situaci s historickými událostmi a kritizuje opozičníky jako 'užitečné idioty', což naznačuje, že jejich zájmy se zjevně neshodují se zájmy Západu."
cz_example_03.txt,cz,405,150,142,"V článku Saši Mitrofanova se podrobně zaměřuje na nedávné a kontroverzní výroky ruských opozičníků, kteří po svém nedávném propuštění prohlásili, že Západ by měl potrestat pouze Putinovy zločince a nikoli zasahovat do záležitostí Ruska. Příklady jako Vladimir Kara-Murza a Ilja Jašin jasně podporují myšlenku, že by Západ měl zvážit zmírnění sankcí, přičemž obě postavy tvrdí, že ruský lid trpí nejvíce. Takové výroky však nezmiňují důležitou podporu Ukrajiny; naopak, Andrej Pivovarov agresivně označil pomoc ukrajinské armádě za naprosto nepřijatelnou. Mitrofanov důrazně kritizuje tyto problematické postoje, označuje je za projev 'užitečného idiotství', jelikož tito politici hledají spíše oporu v ruské veřejnosti, než aby se skutečně postavili proti Putinovu režimu. Autor důrazně varuje, že tito jedinci nemohou být spolehlivými spolubojovníky Západu v boji proti ruskému imperialismu, neboť většina ruských opozičníků v cizině bojuje především za moc a osobní zájmy, nikoli za skutečné změny ve společnosti."
sk_example_01.pdf,sk,6700,250,230,"Neil Armstrong (5. augusta 1930 - 25. augusta 2012) bol významný a veľmi vplyvný americký astronaut, letecký inžinier a prvý človek, ktorý skutočne stanul na povrchu Mesiaca počas historickej misie Apollo 11, ktorá sa uskutočnila 20. júla 1969. Predtým, ako sa úspešne stal astronautom, slúžil v americkom námorníctve, kde vykonával testovanie nových a inovovaných lietadiel a absolvoval štúdium leteckého inžinierstva na prestížnej Purdueovej univerzite, kde sa stal skutočne vášnivým a zanieteným pilotom. Armstrongov prvý kozmický let bol na prestížnej misii Gemini 8 v marci 1966, kde spolu s kolegom Davidom Scottom uskutočnili historicky významné prvé spojenie dvoch vesmírnych telies na obežnej dráhe okolo našej Zeme. Po úspešnej a veľmi historickej misii Apollo 11, kde predniesol slávny a nezabudnuteľný výrok 'Je to malý krok pre človeka, obrovský skok pre ľudstvo', sa stal globálne známym a symbolom neuveriteľných úspechov v oblasti vesmíru a preskúmavania. Po odchode z NASA v roku 1971 sa stal profesorom na univerzite v Cincinnati a počas svojej kariéry pracoval v rôznych významných správnych radách a inštitúciách. Zomrel v auguste 2012 na komplikácie po operácii srdca. Jeho trvalý a nezmazateľný odkaz žije v mnohých pomenovaniach po ňom, vrátane názvov kráterov na Mesiaci a asteroidu nesúceho jeho priezvisko. Armstronga si pamätajú ako skromného hrdinu, ktorý aj po svojej obrovskej sláve žil v ústraní a odmietal mediálnu pozornosť, pričom sa s nadšením a odhodlaním zasadzoval o pokoru a úprimnú službu verejnosti."
sk_example_01.pdf,sk,6700,500,389,"Neil Alden Armstrong, narodený 5. augusta v roku 1930 vo Wapakonete, Ohio, bol nesmierne excelentný a výnimočne talentovaný americký astronaut, ktorý sa navždy zapísal do histórie ako prvý človek, ktorý majestátne a hrdinsky vstúpil na magický povrch Mesiaca. Počas svojej bohatej a úspešnej profesionálnej kariéry slúžil ako odvážny a statočný pilot amerického námorníctva, kde sa hrdinsky zúčastnil Kórejskej vojny, a neskôr sa stal skúšobným pilotom pre Národný poradný výbor pre letectvo (NACA) a neskôr aj pre prestížnu organizáciu NASA, čo bol zásadný krok, ktorý úžasne vyskúšal jeho ohromné schopnosti v náročných a extrémnych podmienkach, ako aj v komplikovaných a stresujúcich situáciách, s ktorými sa musel vyrovnať. Armstrong, ktorý bol známy svojou neochvejné odolnosťou a neuveriteľnou odvahou, sa zúčastnil dvoch významných kozmických misií, a to Gemini 8, kde úspešne vykonal prvé historické spojenie dvoch telies na obežnej dráhe, čo bol revolučný a prelomový moment v letectve, a Apollo 11, na ktorej 20. júla 1969, ako veliteľ s obrovskou a ohromnou hrdosťou, pristál na Mesiaci spolu s Edwinom 'Buzz' Aldrinom. Na tejto historickej a nezabudnuteľnej misii vyslal Armstrong svoje legendárne a nezabudnuteľné slová do histórie: 'Je to malý krok pre človeka, ale zároveň obrovský skok pre celé ľudstvo.' Po úspešných misiách s radosťou a pokorou skromne vrátil do civilného života, kde sa zaviazal k vyučovaniu na prestížnej univerzite v Cincinnati, a bol aktívnym a angažovaným členom správnych rád rôznych renomovaných firiem a organizácií, ktoré sa zaoberali inováciami v oblasti technológie a vedy. Zomrel 25. augusta v roku 2012 v Cincinnati, Ohio, na veľmi vážne komplikácie po chirurgickom zákroku, ktorý sa ukázal byť nečakaný, ťažký a nepredvídateľný. Armstrong neustále zostával skromný a pokorný, hoci jeho neuveriteľné a pozoruhodné úspechy mu priniesli medzinárodné uznanie a obdiv od odbornej komunity aj širokej verejnosti, ktorá si ho nesmierne vážila a uznávala, a každý z jeho krokov inšpiroval množstvo ľudí. Po ňom je pomenovaných množstvo miest, ulíc, parkov a dokonca aj mená asteroidy a krátery na Mesiaci, ktoré zohrávajú mimoriadne dôležitú úlohu v oblasti astronómie a kozmológie. Jeho dedičstvo zanechalo nevymazateľnú a hlbokú stopu v histórii letectva a kozmonautiky, a dodnes je považovaný za jedného z najväčších hrdinov a vzorov v oblasti kozmického prieskumu, inšpirujúceho mnoho ďalších generácií mladých vedcov a astronautov na celom svete, ktorí sa odvážne snažia dosiahnuť svoje vlastné sny, ambície a vízie a prispieť k pokroku ľudstva a jeho rozvoju v budúcnosti."
sk_example_01.pdf,sk,6700,700,573,"Neil Alden Armstrong, narodený 5. augusta 1930 vo Wapakonete v Ohiu, bol skutočne významný a v mnohých ohľadoch výnimočný americký astronaut, uznávaný letecký inžinier a priekopník vo všetkých oblastiach vesmírnych misií, ktorý sa stal prvým človekom na svete, ktorý vkročil na Mesiac, čo je pozoruhodný a historický míľnik v dejinách ľudstva. Po úspešnom absolvovaní renomovanej Purdueovej univerzity, kde s obrovským záujmom a veľkým nadšením študoval letecké inžinierstvo, skutočne exceloval, slúžil v americkom námorníctve, kde sa odvážne a hrdinsky zúčastnil Kórejskej vojny a získal cennú pilotnú licenciu, ktorá mu otvorila dvere do fascinujúceho sveta letectva, čím si vybudoval pevný základ a predpoklady pre svoju neskoršiu kariéru. V roku 1962, nasledujúc svoje ambície a snahy v oblasti vesmírneho prieskumu, sa múdro pripojil k NASA ako astronaut, čo predstavovalo najvýznamnejší prelom v jeho kariére a životnej ceste, ktorá sa pre mnohých stala vzorom a inšpiráciou. Jeho prvým kozmickým letom, ktorý mal nesmierny význam pre rozvoj astronautiky a vesmírneho výskumu, bola misia Gemini 8, kde vykonal revolučné prvé spojenie dvoch telies na obežnej dráhe, čím demonštroval úžasné technológie a inžinierske zručnosti, ktoré zmenili pohľad na vesmírne lety a posunuli hranice poznania do úplne nových dimenzií. V roku 1969 sa zúčastnil veľmi významnej a historickej misie Apollo 11, na ktorej, 20. júla, majestátne pristál na Mesiaci spolu s Edwinom Aldrinom. Odhodlaný sa stať svetoznámy, Armstrong sa stal prvým človekom, ktorý vystúpil na jeho povrch, pričom nezabudol poznamenať svoje slávne slová s hláškou, ktorá zostala hlboko v pamäti mnohých, 'Je to malý krok pre človeka, obrovský skok pre ľudstvo', ktoré majú hlboký a trvalý význam pre celé ľudstvo a jeho budúcnosť. Po tejto historickej a bezprecedentnej misii, ktorá prinesla obrovský úspech pre NASA a celý vedecký svet, Armstrong vyučoval na prestížnej univerzite v Cincinnati, kde zdieľal svoje cenné skúsenosti a poznatky s budúcimi generáciami talentovaných vedcov a inžinierov, čím inšpiroval mnohých mladých ľudí k hľadaniu vlastnej vášne a spektru možností vo vedách. V tejto dobe sa angažoval aj v rôznych významných spoločnostiach a podnikoch spojených s vesmírnym prieskumom, čím prispel k ďalším podstatným pokrokom v tejto oblasti, zdôrazňujúc význam spolupráce medzi súkromným a verejným sektorom, čo zvýrazňuje nutnosť spojenia inovácií a investícií. Napriek množstvu lákavých ponúk vstúpiť do politiky od vysokopostavených osôb, odmietal ich, a zostával verný svojmu poslaniu, ktoré zahŕňalo vášnivú prácu v oblasti vedy a inžinierstva, hoci niektoré pozície by mu mohli priniesť väčšiu popularitu a slávu. Dňa 25. augusta 2012, tragicky a predčasne zomrel na komplikácie po operácii srdca, čo zasiahlo mnohých jeho obdivovateľov a kolegov v oblasti astronautiky a vedeckého prieskumu, a mnohí sa s ním prišli rozlúčiť na jeho poslednej ceste v atmosfére smútenia a úcty. Dôkazom jeho trvalého dedičstva sú mnohé významné ocenenia, ako je Prestížna Prezidentská medaila slobody a kráter na Mesiaci pomenovaný po ňom, ktorý nás všetkých pripomína jeho neuveriteľný prínos k vedám, technológiám a zároveň k našej kolektívnej budúcnosti. Jeho pamiatku si ctí množstvo škôl, ulíc, pamätníkov a vedeckých zariadení, ktoré sú pomenované jeho menom, pričom zostáva trvalým symbolom odvahy, vytrvalosti a inžinierskeho pokroku v oblasti kozmických letov, ako aj prenikavého myslenia, ktoré tak veľmi presahovalo svoju dobu. V priebehu rokov jeho odvaha, oddanosť a neúnavná práca inšpirujú ľudí po celom svete k novým objavom, pokroku a inováciám v technológii, ako aj k nasledujúcim zásadným krokom v oblasti vesmírneho prieskumu a pokroku v iných oblastiach, čím vytvárajú inšpiráciu a motiváciu pre budúce generácie všetkých, ktorí snívajú a usilujú o to, aby dosiahli vešmi možné ciele a splnili svoje životné sny."
sk_example_03.txt,sk,401,100,96,"Guy de Maupassant (1850-1893) bol významný francúzsky spisovateľ, známy a uznávaný ako zakladateľ moderných poviedok. Narodený v chudobnej rodine v malebnej Normandii, jeho písanie často odráža témy chudoby a alienácie, pričom niektoré jeho poviedky majú fascinujúce prvky hororu a sci-fi. Vyštudoval pod odborným vedením Gustava Flauberta a jeho prolifická tvorba priniesla literárny úspech, ale aj rozruch a kritiku. Hoci sa preslávil románmi, ktoré osobne nemal v obľube, písal ich iba kvôli požiadavkám publika. Jeho psychické problémy vyvrcholili tragickým pokusom o samovraždu, čo viedlo k jeho bolestnej izolácii v sanatóriu, kde zomrel a je pochovaný v Paríži."
sk_example_03.txt,sk,401,150,144,"Guy de Maupassant (1850-1893) bol veľmi významný francúzsky spisovateľ, považovaný za otca moderných poviedok. Narodil sa v krásnom kaštieli v Normandii, pričom pochádzal z chudobnej rodiny, pričom jeho detstvo formoval rozpad rodičovského manželstva a psychické traumy spojené s jeho zložitým pôvodom. Jeho literárna kariéra bola významne ovplyvnená tradičnými témami chudoby a života, pričom niektoré z jeho poviedok majú prvky hororu a sci-fi, ktoré sú veľmi zaujímavé. Maupassant sa učil pod vedením uznávaného Gustava Flauberta, no nielenže sa vyrovnával s ťažkosťami doby, ale tiež s množstvom kritiky ohľadom svojej plodnosti, ktorá nie vždy zodpovedala vysokej kvalite jeho literárnej produkcie. Napriek tomu, že jeho romány ako 'Život', 'Miláčik' a 'Naše srdce' zaznamenali veľký úspech, on sám považoval tento žáner za veľmi neobľúbený. Jeho psychická nestabilita vyvrcholila dramatickým pokusom o samovraždu a následným dlhodobým pobytom v renomovanom sanatóriu, kde trpel psychickými problémami až do svojej tragickej smrti."
